DATA_TIME,DEVICE_ID,VALUE_INDEX,VALUE
2025-10-30 16:02:06.735,e7ae0853-99dc-60f8-08b8-541bcdb012a3,99,-0.014869147
2025-10-30 16:02:06.740,e7ae0853-99dc-60f8-08b8-541bcdb012a3,98,0.01873361
2025-10-30 16:02:06.745,e7ae0853-99dc-60f8-08b8-541bcdb012a3,97,-0.269343
2025-10-30 16:02:06.750,e7ae0853-99dc-60f8-08b8-541bcdb012a3,96,-0.1425292
2025-10-30 16:02:06.755,e7ae0853-99dc-60f8-08b8-541bcdb012a3,95,-0.109434649
2025-10-30 16:02:06.760,e7ae0853-99dc-60f8-08b8-541bcdb012a3,94,-0.141744941
2025-10-30 16:02:06.765,e7ae0853-99dc-60f8-08b8-541bcdb012a3,93,0.231105432
2025-10-30 16:02:06.770,e7ae0853-99dc-60f8-08b8-541bcdb012a3,92,-0.131871372
2025-10-30 16:02:06.775,e7ae0853-99dc-60f8-08b8-541bcdb012a3,91,0.1986099
2025-10-30 16:02:06.780,e7ae0853-99dc-60f8-08b8-541bcdb012a3,90,-0.161198184
2025-10-30 16:02:06.785,e7ae0853-99dc-60f8-08b8-541bcdb012a3,89,0.0549847335
2025-10-30 16:02:06.790,e7ae0853-99dc-60f8-08b8-541bcdb012a3,88,-0.1029862
2025-10-30 16:02:06.795,e7ae0853-99dc-60f8-08b8-541bcdb012a3,87,0.0345844552
2025-10-30 16:02:06.800,e7ae0853-99dc-60f8-08b8-541bcdb012a3,86,0.122926868
2025-10-30 16:02:06.805,e7ae0853-99dc-60f8-08b8-541bcdb012a3,85,0.270201027
2025-10-30 16:02:06.810,e7ae0853-99dc-60f8-08b8-541bcdb012a3,84,0.04473452
2025-10-30 16:02:06.815,e7ae0853-99dc-60f8-08b8-541bcdb012a3,83,0.2759744
2025-10-30 16:02:06.820,e7ae0853-99dc-60f8-08b8-541bcdb012a3,82,-0.164052263
2025-10-30 16:02:06.825,e7ae0853-99dc-60f8-08b8-541bcdb012a3,81,0.09383955
2025-10-30 16:02:06.830,e7ae0853-99dc-60f8-08b8-541bcdb012a3,80,-0.145177171
2025-10-30 16:02:06.835,e7ae0853-99dc-60f8-08b8-541bcdb012a3,79,-0.0614582747
2025-10-30 16:02:06.840,e7ae0853-99dc-60f8-08b8-541bcdb012a3,78,-0.03629256
2025-10-30 16:02:06.845,e7ae0853-99dc-60f8-08b8-541bcdb012a3,77,-0.05240132
2025-10-30 16:02:06.850,e7ae0853-99dc-60f8-08b8-541bcdb012a3,76,0.0506341867
2025-10-30 16:02:06.855,e7ae0853-99dc-60f8-08b8-541bcdb012a3,75,-0.0744031146
2025-10-30 16:02:06.860,e7ae0853-99dc-60f8-08b8-541bcdb012a3,74,-0.113825217
2025-10-30 16:02:06.865,e7ae0853-99dc-60f8-08b8-541bcdb012a3,73,-0.0524601452
2025-10-30 16:02:06.870,e7ae0853-99dc-60f8-08b8-541bcdb012a3,72,-0.227403343
2025-10-30 16:02:06.875,e7ae0853-99dc-60f8-08b8-541bcdb012a3,71,-0.0390977
2025-10-30 16:02:06.880,e7ae0853-99dc-60f8-08b8-541bcdb012a3,70,-0.026039578
2025-10-30 16:02:06.885,e7ae0853-99dc-60f8-08b8-541bcdb012a3,69,-0.034503568
2025-10-30 16:02:06.890,e7ae0853-99dc-60f8-08b8-541bcdb012a3,68,0.172627
2025-10-30 16:02:06.895,e7ae0853-99dc-60f8-08b8-541bcdb012a3,67,-0.04536121
2025-10-30 16:02:06.900,e7ae0853-99dc-60f8-08b8-541bcdb012a3,66,0.180912167
2025-10-30 16:02:06.905,e7ae0853-99dc-60f8-08b8-541bcdb012a3,65,0.0281062033
2025-10-30 16:02:06.910,e7ae0853-99dc-60f8-08b8-541bcdb012a3,64,0.132980168
2025-10-30 16:02:06.915,e7ae0853-99dc-60f8-08b8-541bcdb012a3,63,0.1212753
2025-10-30 16:02:06.920,e7ae0853-99dc-60f8-08b8-541bcdb012a3,62,-0.008820962
2025-10-30 16:02:06.925,e7ae0853-99dc-60f8-08b8-541bcdb012a3,61,0.105956309
2025-10-30 16:02:06.930,e7ae0853-99dc-60f8-08b8-541bcdb012a3,60,0.117652327
2025-10-30 16:02:06.935,e7ae0853-99dc-60f8-08b8-541bcdb012a3,59,0.073088184
2025-10-30 16:02:06.940,e7ae0853-99dc-60f8-08b8-541bcdb012a3,58,0.215289637
2025-10-30 16:02:06.945,e7ae0853-99dc-60f8-08b8-541bcdb012a3,57,-0.11145746
2025-10-30 16:02:06.950,e7ae0853-99dc-60f8-08b8-541bcdb012a3,56,-0.05385205
2025-10-30 16:02:06.955,e7ae0853-99dc-60f8-08b8-541bcdb012a3,55,-0.179388925
2025-10-30 16:02:06.960,e7ae0853-99dc-60f8-08b8-541bcdb012a3,54,-0.315810978
2025-10-30 16:02:06.965,e7ae0853-99dc-60f8-08b8-541bcdb012a3,53,-0.03936172
2025-10-30 16:02:06.970,e7ae0853-99dc-60f8-08b8-541bcdb012a3,52,-0.295087844
2025-10-30 16:02:06.975,e7ae0853-99dc-60f8-08b8-541bcdb012a3,51,0.183495387
2025-10-30 16:02:06.980,e7ae0853-99dc-60f8-08b8-541bcdb012a3,50,-0.07792644
2025-10-30 16:02:06.985,e7ae0853-99dc-60f8-08b8-541bcdb012a3,49,0.114047043
2025-10-30 16:02:06.990,e7ae0853-99dc-60f8-08b8-541bcdb012a3,48,0.0138965184
2025-10-30 16:02:06.995,e7ae0853-99dc-60f8-08b8-541bcdb012a3,47,-0.0489104129
2025-10-30 16:02:07.000,e7ae0853-99dc-60f8-08b8-541bcdb012a3,46,-0.09911398
2025-10-30 16:02:07.005,e7ae0853-99dc-60f8-08b8-541bcdb012a3,45,0.008636156
2025-10-30 16:02:07.010,e7ae0853-99dc-60f8-08b8-541bcdb012a3,44,-0.110618904
2025-10-30 16:02:07.015,e7ae0853-99dc-60f8-08b8-541bcdb012a3,43,0.285572171
2025-10-30 16:02:07.020,e7ae0853-99dc-60f8-08b8-541bcdb012a3,42,-0.02335944
2025-10-30 16:02:07.025,e7ae0853-99dc-60f8-08b8-541bcdb012a3,41,0.2232676
2025-10-30 16:02:07.030,e7ae0853-99dc-60f8-08b8-541bcdb012a3,40,-0.09921365
2025-10-30 16:02:07.035,e7ae0853-99dc-60f8-08b8-541bcdb012a3,39,-0.09172753
2025-10-30 16:02:07.040,e7ae0853-99dc-60f8-08b8-541bcdb012a3,38,0.0148099083
2025-10-30 16:02:07.045,e7ae0853-99dc-60f8-08b8-541bcdb012a3,37,-0.09416999
2025-10-30 16:02:07.050,e7ae0853-99dc-60f8-08b8-541bcdb012a3,36,0.173432708
2025-10-30 16:02:07.055,e7ae0853-99dc-60f8-08b8-541bcdb012a3,35,0.05164364
2025-10-30 16:02:07.060,e7ae0853-99dc-60f8-08b8-541bcdb012a3,34,0.0629287
2025-10-30 16:02:07.065,e7ae0853-99dc-60f8-08b8-541bcdb012a3,33,0.03377504
2025-10-30 16:02:07.070,e7ae0853-99dc-60f8-08b8-541bcdb012a3,32,-0.176445
2025-10-30 16:02:07.075,e7ae0853-99dc-60f8-08b8-541bcdb012a3,31,-0.219246566
2025-10-30 16:02:07.080,e7ae0853-99dc-60f8-08b8-541bcdb012a3,30,-0.09882436
2025-10-30 16:02:07.085,e7ae0853-99dc-60f8-08b8-541bcdb012a3,29,-0.147548884
2025-10-30 16:02:07.090,e7ae0853-99dc-60f8-08b8-541bcdb012a3,28,0.224905789
2025-10-30 16:02:07.095,e7ae0853-99dc-60f8-08b8-541bcdb012a3,27,-0.09369506
2025-10-30 16:02:07.100,e7ae0853-99dc-60f8-08b8-541bcdb012a3,26,0.220151916
2025-10-30 16:02:07.105,e7ae0853-99dc-60f8-08b8-541bcdb012a3,25,-0.140090913
2025-10-30 16:02:07.110,e7ae0853-99dc-60f8-08b8-541bcdb012a3,24,-0.112056524
2025-10-30 16:02:07.115,e7ae0853-99dc-60f8-08b8-541bcdb012a3,23,-0.114288867
2025-10-30 16:02:07.120,e7ae0853-99dc-60f8-08b8-541bcdb012a3,22,-0.0252996869
2025-10-30 16:02:07.125,e7ae0853-99dc-60f8-08b8-541bcdb012a3,21,0.117698252
2025-10-30 16:02:07.130,e7ae0853-99dc-60f8-08b8-541bcdb012a3,20,0.4233996
2025-10-30 16:02:07.135,e7ae0853-99dc-60f8-08b8-541bcdb012a3,19,0.216894418
2025-10-30 16:02:07.140,e7ae0853-99dc-60f8-08b8-541bcdb012a3,18,0.401828855
2025-10-30 16:02:07.145,e7ae0853-99dc-60f8-08b8-541bcdb012a3,17,-0.1534884
2025-10-30 16:02:07.150,e7ae0853-99dc-60f8-08b8-541bcdb012a3,16,-0.0714968741
2025-10-30 16:02:07.155,e7ae0853-99dc-60f8-08b8-541bcdb012a3,15,-0.320047379
2025-10-30 16:02:07.160,e7ae0853-99dc-60f8-08b8-541bcdb012a3,14,-0.105583929
2025-10-30 16:02:07.165,e7ae0853-99dc-60f8-08b8-541bcdb012a3,13,0.104091555
2025-10-30 16:02:07.170,e7ae0853-99dc-60f8-08b8-541bcdb012a3,12,0.09789923
2025-10-30 16:02:07.175,e7ae0853-99dc-60f8-08b8-541bcdb012a3,11,0.170618773
2025-10-30 16:02:07.180,e7ae0853-99dc-60f8-08b8-541bcdb012a3,10,0.047675617
2025-10-30 16:02:07.185,e7ae0853-99dc-60f8-08b8-541bcdb012a3,9,-0.296636879
2025-10-30 16:02:07.190,e7ae0853-99dc-60f8-08b8-541bcdb012a3,8,-0.1967873
2025-10-30 16:02:07.195,e7ae0853-99dc-60f8-08b8-541bcdb012a3,7,-0.359425753
2025-10-30 16:02:07.200,e7ae0853-99dc-60f8-08b8-541bcdb012a3,6,-0.03391128
2025-10-30 16:02:07.205,e7ae0853-99dc-60f8-08b8-541bcdb012a3,5,0.116277486
2025-10-30 16:02:07.210,e7ae0853-99dc-60f8-08b8-541bcdb012a3,4,0.188230366
2025-10-30 16:02:07.215,e7ae0853-99dc-60f8-08b8-541bcdb012a3,3,0.38990283
2025-10-30 16:02:07.220,e7ae0853-99dc-60f8-08b8-541bcdb012a3,2,-0.108100675
2025-10-30 16:02:07.225,e7ae0853-99dc-60f8-08b8-541bcdb012a3,1,-0.09829887
2025-10-30 16:02:07.230,e7ae0853-99dc-60f8-08b8-541bcdb012a3,0,-0.321042418
2025-10-30 16:02:07.730,e7ae0853-99dc-60f8-08b8-541bcdb012a3,0,0.06674221
2025-10-30 16:02:07.735,e7ae0853-99dc-60f8-08b8-541bcdb012a3,1,0.0939944237
2025-10-30 16:02:07.740,e7ae0853-99dc-60f8-08b8-541bcdb012a3,2,-0.08276152
2025-10-30 16:02:07.745,e7ae0853-99dc-60f8-08b8-541bcdb012a3,3,-0.04413207
2025-10-30 16:02:07.750,e7ae0853-99dc-60f8-08b8-541bcdb012a3,4,-0.09942187
2025-10-30 16:02:07.755,e7ae0853-99dc-60f8-08b8-541bcdb012a3,5,-0.08673179
2025-10-30 16:02:07.760,e7ae0853-99dc-60f8-08b8-541bcdb012a3,6,0.297193557
2025-10-30 16:02:07.765,e7ae0853-99dc-60f8-08b8-541bcdb012a3,7,0.0663361549
2025-10-30 16:02:07.770,e7ae0853-99dc-60f8-08b8-541bcdb012a3,8,0.469070733
2025-10-30 16:02:07.775,e7ae0853-99dc-60f8-08b8-541bcdb012a3,9,0.020757569
2025-10-30 16:02:07.780,e7ae0853-99dc-60f8-08b8-541bcdb012a3,10,0.112691276
2025-10-30 16:02:07.785,e7ae0853-99dc-60f8-08b8-541bcdb012a3,11,-0.140412807
2025-10-30 16:02:07.790,e7ae0853-99dc-60f8-08b8-541bcdb012a3,12,-0.140081808
2025-10-30 16:02:07.795,e7ae0853-99dc-60f8-08b8-541bcdb012a3,13,-0.179576337
2025-10-30 16:02:07.800,e7ae0853-99dc-60f8-08b8-541bcdb012a3,14,0.0192165356
2025-10-30 16:02:07.805,e7ae0853-99dc-60f8-08b8-541bcdb012a3,15,-0.0183169767
2025-10-30 16:02:07.810,e7ae0853-99dc-60f8-08b8-541bcdb012a3,16,0.2403829
2025-10-30 16:02:07.815,e7ae0853-99dc-60f8-08b8-541bcdb012a3,17,-0.244147584
2025-10-30 16:02:07.820,e7ae0853-99dc-60f8-08b8-541bcdb012a3,18,0.0783358142
2025-10-30 16:02:07.825,e7ae0853-99dc-60f8-08b8-541bcdb012a3,19,-0.325640678
2025-10-30 16:02:07.830,e7ae0853-99dc-60f8-08b8-541bcdb012a3,20,-0.0897642747
2025-10-30 16:02:07.835,e7ae0853-99dc-60f8-08b8-541bcdb012a3,21,0.00649839034
2025-10-30 16:02:07.840,e7ae0853-99dc-60f8-08b8-541bcdb012a3,22,0.134582832
2025-10-30 16:02:07.845,e7ae0853-99dc-60f8-08b8-541bcdb012a3,23,0.252232164
2025-10-30 16:02:07.850,e7ae0853-99dc-60f8-08b8-541bcdb012a3,24,0.2044673
2025-10-30 16:02:07.855,e7ae0853-99dc-60f8-08b8-541bcdb012a3,25,-0.00248693745
2025-10-30 16:02:07.860,e7ae0853-99dc-60f8-08b8-541bcdb012a3,26,-0.123543814
2025-10-30 16:02:07.865,e7ae0853-99dc-60f8-08b8-541bcdb012a3,27,-0.298634678
2025-10-30 16:02:07.870,e7ae0853-99dc-60f8-08b8-541bcdb012a3,28,-0.135360032
2025-10-30 16:02:07.875,e7ae0853-99dc-60f8-08b8-541bcdb012a3,29,0.0204849336
2025-10-30 16:02:07.880,e7ae0853-99dc-60f8-08b8-541bcdb012a3,30,0.09654136
2025-10-30 16:02:07.885,e7ae0853-99dc-60f8-08b8-541bcdb012a3,31,0.419668168
2025-10-30 16:02:07.890,e7ae0853-99dc-60f8-08b8-541bcdb012a3,32,-0.018760765
2025-10-30 16:02:07.895,e7ae0853-99dc-60f8-08b8-541bcdb012a3,33,0.12222337
2025-10-30 16:02:07.900,e7ae0853-99dc-60f8-08b8-541bcdb012a3,34,-0.342538416
2025-10-30 16:02:07.905,e7ae0853-99dc-60f8-08b8-541bcdb012a3,35,-0.2676271
2025-10-30 16:02:07.910,e7ae0853-99dc-60f8-08b8-541bcdb012a3,36,-0.234890833
2025-10-30 16:02:07.915,e7ae0853-99dc-60f8-08b8-541bcdb012a3,37,-0.05557228
2025-10-30 16:02:07.920,e7ae0853-99dc-60f8-08b8-541bcdb012a3,38,0.217026591
2025-10-30 16:02:07.925,e7ae0853-99dc-60f8-08b8-541bcdb012a3,39,0.114297293
2025-10-30 16:02:07.930,e7ae0853-99dc-60f8-08b8-541bcdb012a3,40,0.0503379181
2025-10-30 16:02:07.935,e7ae0853-99dc-60f8-08b8-541bcdb012a3,41,-0.05967412
2025-10-30 16:02:07.940,e7ae0853-99dc-60f8-08b8-541bcdb012a3,42,-0.318834543
2025-10-30 16:02:07.945,e7ae0853-99dc-60f8-08b8-541bcdb012a3,43,-0.217240945
2025-10-30 16:02:07.950,e7ae0853-99dc-60f8-08b8-541bcdb012a3,44,-0.03141819
2025-10-30 16:02:07.955,e7ae0853-99dc-60f8-08b8-541bcdb012a3,45,0.131324261
2025-10-30 16:02:07.960,e7ae0853-99dc-60f8-08b8-541bcdb012a3,46,0.5524583
2025-10-30 16:02:07.965,e7ae0853-99dc-60f8-08b8-541bcdb012a3,47,0.235955909
2025-10-30 16:02:07.970,e7ae0853-99dc-60f8-08b8-541bcdb012a3,48,0.4344757
2025-10-30 16:02:07.975,e7ae0853-99dc-60f8-08b8-541bcdb012a3,49,-0.126710236
2025-10-30 16:02:07.980,e7ae0853-99dc-60f8-08b8-541bcdb012a3,50,-0.06586551
2025-10-30 16:02:07.985,e7ae0853-99dc-60f8-08b8-541bcdb012a3,51,-0.276546568
2025-10-30 16:02:07.990,e7ae0853-99dc-60f8-08b8-541bcdb012a3,52,-0.07609929
2025-10-30 16:02:07.995,e7ae0853-99dc-60f8-08b8-541bcdb012a3,53,0.09103574
2025-10-30 16:02:08.000,e7ae0853-99dc-60f8-08b8-541bcdb012a3,54,0.3139388
2025-10-30 16:02:08.005,e7ae0853-99dc-60f8-08b8-541bcdb012a3,55,0.05223083
2025-10-30 16:02:08.010,e7ae0853-99dc-60f8-08b8-541bcdb012a3,56,0.172320634
2025-10-30 16:02:08.015,e7ae0853-99dc-60f8-08b8-541bcdb012a3,57,-0.465739369
2025-10-30 16:02:08.020,e7ae0853-99dc-60f8-08b8-541bcdb012a3,58,-0.2544091
2025-10-30 16:02:08.025,e7ae0853-99dc-60f8-08b8-541bcdb012a3,59,-0.467778534
2025-10-30 16:02:08.030,e7ae0853-99dc-60f8-08b8-541bcdb012a3,60,-0.0892446
2025-10-30 16:02:08.035,e7ae0853-99dc-60f8-08b8-541bcdb012a3,61,0.186349019
2025-10-30 16:02:08.040,e7ae0853-99dc-60f8-08b8-541bcdb012a3,62,0.181296945
2025-10-30 16:02:08.045,e7ae0853-99dc-60f8-08b8-541bcdb012a3,63,0.301060021
2025-10-30 16:02:08.050,e7ae0853-99dc-60f8-08b8-541bcdb012a3,64,-0.0544671975
2025-10-30 16:02:08.055,e7ae0853-99dc-60f8-08b8-541bcdb012a3,65,-0.18439728
2025-10-30 16:02:08.060,e7ae0853-99dc-60f8-08b8-541bcdb012a3,66,-0.256466359
2025-10-30 16:02:08.065,e7ae0853-99dc-60f8-08b8-541bcdb012a3,67,-0.200550735
2025-10-30 16:02:08.070,e7ae0853-99dc-60f8-08b8-541bcdb012a3,68,0.08340299
2025-10-30 16:02:08.075,e7ae0853-99dc-60f8-08b8-541bcdb012a3,69,0.3600154
2025-10-30 16:02:08.080,e7ae0853-99dc-60f8-08b8-541bcdb012a3,70,0.26856643
2025-10-30 16:02:08.085,e7ae0853-99dc-60f8-08b8-541bcdb012a3,71,0.465337932
2025-10-30 16:02:08.090,e7ae0853-99dc-60f8-08b8-541bcdb012a3,72,-0.136710525
2025-10-30 16:02:08.095,e7ae0853-99dc-60f8-08b8-541bcdb012a3,73,-0.008473764
2025-10-30 16:02:08.100,e7ae0853-99dc-60f8-08b8-541bcdb012a3,74,-0.4755699
2025-10-30 16:02:08.105,e7ae0853-99dc-60f8-08b8-541bcdb012a3,75,-0.0102176964
2025-10-30 16:02:08.110,e7ae0853-99dc-60f8-08b8-541bcdb012a3,76,-0.0005902121
2025-10-30 16:02:08.115,e7ae0853-99dc-60f8-08b8-541bcdb012a3,77,0.267973542
2025-10-30 16:02:08.120,e7ae0853-99dc-60f8-08b8-541bcdb012a3,78,0.220370859
2025-10-30 16:02:08.125,e7ae0853-99dc-60f8-08b8-541bcdb012a3,79,0.118132696
2025-10-30 16:02:08.130,e7ae0853-99dc-60f8-08b8-541bcdb012a3,80,-0.374803215
2025-10-30 16:02:08.135,e7ae0853-99dc-60f8-08b8-541bcdb012a3,81,-0.256006032
2025-10-30 16:02:08.140,e7ae0853-99dc-60f8-08b8-541bcdb012a3,82,-0.5975656
2025-10-30 16:02:08.145,e7ae0853-99dc-60f8-08b8-541bcdb012a3,83,-0.009387625
2025-10-30 16:02:08.150,e7ae0853-99dc-60f8-08b8-541bcdb012a3,84,-0.0708277747
2025-10-30 16:02:08.155,e7ae0853-99dc-60f8-08b8-541bcdb012a3,85,0.362977684
2025-10-30 16:02:08.160,e7ae0853-99dc-60f8-08b8-541bcdb012a3,86,0.209790275
2025-10-30 16:02:08.165,e7ae0853-99dc-60f8-08b8-541bcdb012a3,87,0.0712991655
2025-10-30 16:02:08.170,e7ae0853-99dc-60f8-08b8-541bcdb012a3,88,-0.1184763
2025-10-30 16:02:08.175,e7ae0853-99dc-60f8-08b8-541bcdb012a3,89,-0.263075
2025-10-30 16:02:08.180,e7ae0853-99dc-60f8-08b8-541bcdb012a3,90,-0.189858869
2025-10-30 16:02:08.185,e7ae0853-99dc-60f8-08b8-541bcdb012a3,91,0.147417992
2025-10-30 16:02:08.190,e7ae0853-99dc-60f8-08b8-541bcdb012a3,92,0.350699425
2025-10-30 16:02:08.195,e7ae0853-99dc-60f8-08b8-541bcdb012a3,93,0.493234
2025-10-30 16:02:08.200,e7ae0853-99dc-60f8-08b8-541bcdb012a3,94,0.46043843
2025-10-30 16:02:08.205,e7ae0853-99dc-60f8-08b8-541bcdb012a3,95,0.00495628268
2025-10-30 16:02:08.210,e7ae0853-99dc-60f8-08b8-541bcdb012a3,96,-0.0962507054
2025-10-30 16:02:08.215,e7ae0853-99dc-60f8-08b8-541bcdb012a3,97,-0.477315336
2025-10-30 16:02:08.220,e7ae0853-99dc-60f8-08b8-541bcdb012a3,98,-0.11314299
2025-10-30 16:02:08.225,e7ae0853-99dc-60f8-08b8-541bcdb012a3,99,-0.177997261
2025-10-30 16:02:08.230,e7ae0853-99dc-60f8-08b8-541bcdb012a3,0,0.258249879
2025-10-30 16:02:08.235,e7ae0853-99dc-60f8-08b8-541bcdb012a3,1,0.2998101
2025-10-30 16:02:08.240,e7ae0853-99dc-60f8-08b8-541bcdb012a3,2,0.0655432642
2025-10-30 16:02:08.245,e7ae0853-99dc-60f8-08b8-541bcdb012a3,3,-0.123506188
2025-10-30 16:02:08.250,e7ae0853-99dc-60f8-08b8-541bcdb012a3,4,-0.3813723
2025-10-30 16:02:08.255,e7ae0853-99dc-60f8-08b8-541bcdb012a3,5,-0.484536439
2025-10-30 16:02:08.260,e7ae0853-99dc-60f8-08b8-541bcdb012a3,6,-0.257145584
2025-10-30 16:02:08.265,e7ae0853-99dc-60f8-08b8-541bcdb012a3,7,-0.04309019
2025-10-30 16:02:08.270,e7ae0853-99dc-60f8-08b8-541bcdb012a3,8,0.299806446
2025-10-30 16:02:08.275,e7ae0853-99dc-60f8-08b8-541bcdb012a3,9,0.3110884
2025-10-30 16:02:08.280,e7ae0853-99dc-60f8-08b8-541bcdb012a3,10,0.1681954
2025-10-30 16:02:08.285,e7ae0853-99dc-60f8-08b8-541bcdb012a3,11,0.03451045
2025-10-30 16:02:08.290,e7ae0853-99dc-60f8-08b8-541bcdb012a3,12,-0.443306863
2025-10-30 16:02:08.295,e7ae0853-99dc-60f8-08b8-541bcdb012a3,13,-0.122704305
2025-10-30 16:02:08.300,e7ae0853-99dc-60f8-08b8-541bcdb012a3,14,-0.215748444
2025-10-30 16:02:08.305,e7ae0853-99dc-60f8-08b8-541bcdb012a3,15,0.241573527
2025-10-30 16:02:08.310,e7ae0853-99dc-60f8-08b8-541bcdb012a3,16,0.480692536
2025-10-30 16:02:08.315,e7ae0853-99dc-60f8-08b8-541bcdb012a3,17,0.409093738
2025-10-30 16:02:08.320,e7ae0853-99dc-60f8-08b8-541bcdb012a3,18,0.2702373
2025-10-30 16:02:08.325,e7ae0853-99dc-60f8-08b8-541bcdb012a3,19,-0.04739283
2025-10-30 16:02:08.330,e7ae0853-99dc-60f8-08b8-541bcdb012a3,20,-0.314427376
2025-10-30 16:02:08.335,e7ae0853-99dc-60f8-08b8-541bcdb012a3,21,-0.157094583
2025-10-30 16:02:08.340,e7ae0853-99dc-60f8-08b8-541bcdb012a3,22,-0.286959171
2025-10-30 16:02:08.345,e7ae0853-99dc-60f8-08b8-541bcdb012a3,23,0.261776984
2025-10-30 16:02:08.350,e7ae0853-99dc-60f8-08b8-541bcdb012a3,24,0.100764573
2025-10-30 16:02:08.355,e7ae0853-99dc-60f8-08b8-541bcdb012a3,25,0.2023885
2025-10-30 16:02:08.360,e7ae0853-99dc-60f8-08b8-541bcdb012a3,26,0.00092280953
2025-10-30 16:02:08.365,e7ae0853-99dc-60f8-08b8-541bcdb012a3,27,-0.343830645
2025-10-30 16:02:08.370,e7ae0853-99dc-60f8-08b8-541bcdb012a3,28,-0.285289526
2025-10-30 16:02:08.375,e7ae0853-99dc-60f8-08b8-541bcdb012a3,29,-0.425998777
2025-10-30 16:02:08.380,e7ae0853-99dc-60f8-08b8-541bcdb012a3,30,0.004629204
2025-10-30 16:02:08.385,e7ae0853-99dc-60f8-08b8-541bcdb012a3,31,0.199832708
2025-10-30 16:02:08.390,e7ae0853-99dc-60f8-08b8-541bcdb012a3,32,0.315436661
2025-10-30 16:02:08.395,e7ae0853-99dc-60f8-08b8-541bcdb012a3,33,0.26470387
2025-10-30 16:02:08.400,e7ae0853-99dc-60f8-08b8-541bcdb012a3,34,0.0694014952
2025-10-30 16:02:08.405,e7ae0853-99dc-60f8-08b8-541bcdb012a3,35,-0.221004635
2025-10-30 16:02:08.410,e7ae0853-99dc-60f8-08b8-541bcdb012a3,36,-0.07149588
2025-10-30 16:02:08.415,e7ae0853-99dc-60f8-08b8-541bcdb012a3,37,-0.380213439
2025-10-30 16:02:08.420,e7ae0853-99dc-60f8-08b8-541bcdb012a3,38,0.2655009
2025-10-30 16:02:08.425,e7ae0853-99dc-60f8-08b8-541bcdb012a3,39,0.13016285
2025-10-30 16:02:08.430,e7ae0853-99dc-60f8-08b8-541bcdb012a3,40,0.402428359
2025-10-30 16:02:08.435,e7ae0853-99dc-60f8-08b8-541bcdb012a3,41,0.158596754
2025-10-30 16:02:08.440,e7ae0853-99dc-60f8-08b8-541bcdb012a3,42,-0.0161270723
2025-10-30 16:02:08.445,e7ae0853-99dc-60f8-08b8-541bcdb012a3,43,-0.23234655
2025-10-30 16:02:08.450,e7ae0853-99dc-60f8-08b8-541bcdb012a3,44,-0.241621479
2025-10-30 16:02:08.455,e7ae0853-99dc-60f8-08b8-541bcdb012a3,45,-0.221943587
2025-10-30 16:02:08.460,e7ae0853-99dc-60f8-08b8-541bcdb012a3,46,0.183019862
2025-10-30 16:02:08.465,e7ae0853-99dc-60f8-08b8-541bcdb012a3,47,0.0298472438
2025-10-30 16:02:08.470,e7ae0853-99dc-60f8-08b8-541bcdb012a3,48,0.3400435
2025-10-30 16:02:08.475,e7ae0853-99dc-60f8-08b8-541bcdb012a3,49,-0.08116183
2025-10-30 16:02:08.480,e7ae0853-99dc-60f8-08b8-541bcdb012a3,50,-0.15818812
2025-10-30 16:02:08.485,e7ae0853-99dc-60f8-08b8-541bcdb012a3,51,-0.282456338
2025-10-30 16:02:08.490,e7ae0853-99dc-60f8-08b8-541bcdb012a3,52,-0.294441462
2025-10-30 16:02:08.495,e7ae0853-99dc-60f8-08b8-541bcdb012a3,53,-0.09630662
2025-10-30 16:02:08.500,e7ae0853-99dc-60f8-08b8-541bcdb012a3,54,0.11469809
2025-10-30 16:02:08.505,e7ae0853-99dc-60f8-08b8-541bcdb012a3,55,0.138009354
2025-10-30 16:02:08.510,e7ae0853-99dc-60f8-08b8-541bcdb012a3,56,0.266002476
2025-10-30 16:02:08.515,e7ae0853-99dc-60f8-08b8-541bcdb012a3,57,-0.07280563
2025-10-30 16:02:08.520,e7ae0853-99dc-60f8-08b8-541bcdb012a3,58,0.013985645
2025-10-30 16:02:08.525,e7ae0853-99dc-60f8-08b8-541bcdb012a3,59,-0.276466876
2025-10-30 16:02:08.530,e7ae0853-99dc-60f8-08b8-541bcdb012a3,60,-0.180366635
2025-10-30 16:02:08.535,e7ae0853-99dc-60f8-08b8-541bcdb012a3,61,0.170556486
2025-10-30 16:02:08.540,e7ae0853-99dc-60f8-08b8-541bcdb012a3,62,0.142610252
2025-10-30 16:02:08.545,e7ae0853-99dc-60f8-08b8-541bcdb012a3,63,0.462375939
2025-10-30 16:02:08.550,e7ae0853-99dc-60f8-08b8-541bcdb012a3,64,0.122204147
2025-10-30 16:02:08.555,e7ae0853-99dc-60f8-08b8-541bcdb012a3,65,0.07152495
2025-10-30 16:02:08.560,e7ae0853-99dc-60f8-08b8-541bcdb012a3,66,-0.151567981
2025-10-30 16:02:08.565,e7ae0853-99dc-60f8-08b8-541bcdb012a3,67,-0.249007747
2025-10-30 16:02:08.570,e7ae0853-99dc-60f8-08b8-541bcdb012a3,68,-0.02790832
2025-10-30 16:02:08.575,e7ae0853-99dc-60f8-08b8-541bcdb012a3,69,0.01655515
2025-10-30 16:02:08.580,e7ae0853-99dc-60f8-08b8-541bcdb012a3,70,0.162871659
2025-10-30 16:02:08.585,e7ae0853-99dc-60f8-08b8-541bcdb012a3,71,0.328874081
2025-10-30 16:02:08.590,e7ae0853-99dc-60f8-08b8-541bcdb012a3,72,-0.06947294
2025-10-30 16:02:08.595,e7ae0853-99dc-60f8-08b8-541bcdb012a3,73,0.0394158736
2025-10-30 16:02:08.600,e7ae0853-99dc-60f8-08b8-541bcdb012a3,74,-0.308144748
2025-10-30 16:02:08.605,e7ae0853-99dc-60f8-08b8-541bcdb012a3,75,-0.255028248
2025-10-30 16:02:08.610,e7ae0853-99dc-60f8-08b8-541bcdb012a3,76,-0.11829304
2025-10-30 16:02:08.615,e7ae0853-99dc-60f8-08b8-541bcdb012a3,77,-0.0185083449
2025-10-30 16:02:08.620,e7ae0853-99dc-60f8-08b8-541bcdb012a3,78,0.190434709
2025-10-30 16:02:08.625,e7ae0853-99dc-60f8-08b8-541bcdb012a3,79,0.127676308
2025-10-30 16:02:08.630,e7ae0853-99dc-60f8-08b8-541bcdb012a3,80,-0.000591197459
2025-10-30 16:02:08.635,e7ae0853-99dc-60f8-08b8-541bcdb012a3,81,-0.06151247
2025-10-30 16:02:08.640,e7ae0853-99dc-60f8-08b8-541bcdb012a3,82,-0.313801259
2025-10-30 16:02:08.645,e7ae0853-99dc-60f8-08b8-541bcdb012a3,83,-0.07633602
2025-10-30 16:02:08.650,e7ae0853-99dc-60f8-08b8-541bcdb012a3,84,-0.106591731
2025-10-30 16:02:08.655,e7ae0853-99dc-60f8-08b8-541bcdb012a3,85,0.1413145
2025-10-30 16:02:08.660,e7ae0853-99dc-60f8-08b8-541bcdb012a3,86,0.2735569
2025-10-30 16:02:08.665,e7ae0853-99dc-60f8-08b8-541bcdb012a3,87,0.185235292
2025-10-30 16:02:08.670,e7ae0853-99dc-60f8-08b8-541bcdb012a3,88,0.141051173
2025-10-30 16:02:08.675,e7ae0853-99dc-60f8-08b8-541bcdb012a3,89,-0.124259569
2025-10-30 16:02:08.680,e7ae0853-99dc-60f8-08b8-541bcdb012a3,90,-0.137730345
2025-10-30 16:02:08.685,e7ae0853-99dc-60f8-08b8-541bcdb012a3,91,-0.0652564242
2025-10-30 16:02:08.690,e7ae0853-99dc-60f8-08b8-541bcdb012a3,92,-0.149700463
2025-10-30 16:02:08.695,e7ae0853-99dc-60f8-08b8-541bcdb012a3,93,0.136749417
2025-10-30 16:02:08.700,e7ae0853-99dc-60f8-08b8-541bcdb012a3,94,0.00376117183
2025-10-30 16:02:08.705,e7ae0853-99dc-60f8-08b8-541bcdb012a3,95,-0.0160909947
2025-10-30 16:02:08.710,e7ae0853-99dc-60f8-08b8-541bcdb012a3,96,0.08825076
2025-10-30 16:02:08.715,e7ae0853-99dc-60f8-08b8-541bcdb012a3,97,-0.206213444
2025-10-30 16:02:08.720,e7ae0853-99dc-60f8-08b8-541bcdb012a3,98,-0.0446786433
2025-10-30 16:02:08.725,e7ae0853-99dc-60f8-08b8-541bcdb012a3,99,-0.05599053
